Product_ID,Name,Price,Quantity,Date,,
1001,Tablet,26685,19,2024-07-01,,
1002,Laptop,20878,18,2024-06-12,,
1003,Smartwatch,20256,17,2024-07-01,,
1004,Gaming Console,25379,3,2024-07-27,,
1005,Smartphone,16609,11,2024-06-25,,
1006,Keyboard,6507,9,2024-07-01,,
1007,Gaming Console,27024,11,2024-06-07,,
1008,Laptop,26123,17,2024-07-19,,
1009,Tablet,13151,8,2024-06-18,,
1010,Monitor,18515,7,2024-07-12,,
1011,Smartphone,26653,6,2024-06-23,,
1012,Tablet,13612,12,2024-07-03,,
1013,Camera,8751,6,2024-07-26,,
1014,Camera,9743,5,2024-06-27,,
1015,Keyboard,28472,18,2024-07-18,,
1016,Smartphone,11727,2,2024-07-08,,
1017,Gaming Console,14896,18,2024-07-26,,
1018,Gaming Console,6079,7,2024-06-22,,
1019,Smartwatch,20961,12,2024-06-02,,
1020,Camera,27296,5,2024-06-25,,
1021,Keyboard,7732,12,2024-07-30,,
1022,Bluetooth Speaker,22980,14,2024-06-30,,
1023,Tablet,29225,12,2024-06-14,,
1024,Smartwatch,13092,6,2024-07-30,,
1025,Keyboard,16516,19,2024-07-09,,
1026,Smartwatch,21194,4,2024-06-26,,
1027,Camera,22970,18,2024-07-02,,
1028,Monitor,11092,10,2024-06-28,,
1029,Tablet,7911,9,2024-06-14,,
1030,Smartphone,10672,20,2024-07-08,,
1031,Headphones,17356,6,2024-06-04,,
1032,Smartwatch,11051,16,2024-06-26,,
1033,Camera,20526,16,2024-06-30,,
1034,Keyboard,18909,3,2024-07-20,,
1035,Smartwatch,12415,20,2024-07-16,,
1036,Headphones,19123,12,2024-06-02,,
1037,Smartwatch,21054,19,2024-07-24,,
1038,Camera,24682,7,2024-07-20,,
1039,Bluetooth Speaker,8739,9,2024-07-09,,
1040,Keyboard,14238,8,2024-07-29,,
1041,Camera,20301,12,2024-06-21,,
1042,Tablet,13859,5,2024-07-01,,
1043,Smartwatch,23947,8,2024-07-16,,
1044,Camera,20733,18,2024-07-13,,
1045,Headphones,8823,12,2024-06-01,,
1046,Smartphone,8758,11,2024-06-02,,
1047,Tablet,27244,1,2024-07-18,,
1048,Monitor,22931,17,2024-06-20,,
1049,Keyboard,18197,11,2024-06-07,,
1050,Bluetooth Speaker,16405,18,2024-07-29,,
1051,Monitor,13969,3,2024-06-05,,
1052,Smartwatch,17207,3,2024-06-30,,
1053,Bluetooth Speaker,19625,20,2024-07-22,,
1054,Keyboard,13362,8,2024-07-23,,
1055,Bluetooth Speaker,22387,7,2024-07-23,,
1056,Tablet,15399,11,2024-06-23,,
1057,Keyboard,5724,19,2024-07-10,,
1058,Smartwatch,20855,11,2024-06-28,,
1059,Smartphone,17378,10,2024-06-21,,
1060,Keyboard,12957,16,2024-07-06,,
1061,Tablet,12449,13,2024-07-12,,
1062,Headphones,23557,10,2024-07-02,,
1063,Gaming Console,8129,14,2024-07-09,,
1064,Laptop,20369,12,2024-07-06,,
1065,Tablet,6229,5,2024-07-18,,
1066,Headphones,12562,14,2024-06-09,,
1067,Monitor,10597,19,2024-06-04,,
1068,Laptop,18771,18,2024-07-16,,
1069,Monitor,15746,9,2024-07-28,,
1070,Smartphone,9538,15,2024-06-18,,
1071,Bluetooth Speaker,24182,14,2024-06-18,,
1072,Tablet,13937,1,2024-06-07,,
1073,Camera,7025,19,2024-06-29,,
1074,Camera,12547,20,2024-06-25,,
1075,Smartwatch,28227,20,2024-07-18,,
1076,Smartwatch,27760,15,2024-07-25,,
1077,Gaming Console,20293,6,2024-06-19,,
1078,Tablet,29461,5,2024-07-08,,
1079,Bluetooth Speaker,15621,9,2024-06-13,,
1080,Keyboard,24339,2,2024-06-11,,
1081,Keyboard,12882,19,2024-06-24,,
1082,Keyboard,24793,10,2024-06-27,,
1083,Monitor,19489,11,2024-07-17,,
1084,Smartphone,16776,19,2024-07-11,,
1085,Keyboard,21092,13,2024-07-22,,
1086,Gaming Console,20511,4,2024-07-14,,
1087,Smartwatch,27737,9,2024-06-09,,
1088,Monitor,7328,18,2024-06-07,,
1089,Bluetooth Speaker,17284,16,2024-07-02,,
1090,Camera,15285,14,2024-08-01,,
1091,Laptop,16566,18,2024-07-30,,
1092,Camera,5957,5,2024-07-28,,
1093,Monitor,16007,15,2024-07-15,,
1094,Smartphone,12827,11,2024-06-11,,
1095,Smartphone,7405,4,2024-06-28,,
1096,Bluetooth Speaker,26913,4,2024-07-01,,
1097,Tablet,11174,4,2024-06-19,,
1098,Keyboard,24529,17,2024-06-05,,
1099,Laptop,5324,17,2024-07-05,,
1100,Tablet,15173,8,2024-06-21,,
1101,Tablet,29596,13,2024-07-20,,
1102,Headphones,14275,1,2024-07-20,,
1103,Smartwatch,20893,13,2024-06-06,,
1104,Bluetooth Speaker,12804,3,2024-06-05,,
1105,Bluetooth Speaker,15597,1,2024-07-19,,
1106,Monitor,17893,2,2024-06-25,,
1107,Smartphone,13857,16,2024-06-20,,
1108,Smartwatch,14410,12,2024-06-05,,
1109,Monitor,19413,3,2024-07-19,,
1110,Gaming Console,26937,7,2024-06-06,,
1111,Bluetooth Speaker,14370,9,2024-06-25,,
1112,Smartphone,22713,20,2024-08-01,,
1113,Camera,18951,2,2024-07-02,,
1114,Keyboard,14309,12,2024-07-03,,
1115,Headphones,10834,9,2024-07-26,,
1116,Camera,24414,17,2024-06-18,,
1117,Bluetooth Speaker,6961,18,2024-06-22,,
1118,Gaming Console,28545,4,2024-07-14,,
1119,Keyboard,15036,3,2024-06-26,,
1120,Tablet,28145,10,2024-06-09,,
1121,Monitor,22008,9,2024-07-04,,
1122,Smartwatch,27109,14,2024-06-25,,
1123,Smartwatch,13741,5,2024-07-18,,
1124,Smartphone,13053,19,2024-07-12,,
1125,Camera,10594,3,2024-06-09,,
1126,Camera,14690,8,2024-07-03,,
1127,Camera,6033,9,2024-07-30,,
1128,Keyboard,17668,6,2024-06-27,,
1129,Tablet,21369,15,2024-06-13,,
1130,Laptop,8313,15,2024-06-06,,
1131,Smartwatch,20279,17,2024-06-14,,
1132,Smartphone,18453,7,2024-06-13,,
1133,Tablet,25047,7,2024-06-19,,
1134,Smartwatch,21114,18,2024-06-21,,
1135,Tablet,19380,17,2024-06-05,,
1136,Monitor,10512,18,2024-07-16,,
1137,Camera,24052,16,2024-06-30,,
1138,Tablet,28275,6,2024-06-27,,
1139,Gaming Console,22625,2,2024-06-14,,
1140,Headphones,10268,6,2024-07-28,,
1141,Keyboard,19492,9,2024-06-07,,
1142,Camera,14614,4,2024-07-18,,
1143,Monitor,13115,17,2024-07-04,,
1144,Smartwatch,7482,10,2024-08-01,,
1145,Monitor,19255,8,2024-07-09,,
1146,Bluetooth Speaker,9672,20,2024-07-02,,
1147,Bluetooth Speaker,5683,8,2024-07-14,,
1148,Keyboard,28898,16,2024-07-24,,
1149,Smartwatch,24243,18,2024-06-16,,
1150,Laptop,25702,5,2024-07-28,,
1151,Bluetooth Speaker,25027,15,2024-06-05,,
1152,Tablet,12398,16,2024-06-22,,
1153,Smartphone,23071,18,2024-06-23,,
1154,Smartphone,24427,15,2024-06-17,,
1155,Smartphone,15168,5,2024-06-24,,
1156,Smartphone,24381,12,2024-06-15,,
1157,Laptop,15334,2,2024-07-27,,
1158,Gaming Console,26886,6,2024-06-08,,
1159,Headphones,26733,20,2024-06-12,,
1160,Gaming Console,10568,18,2024-07-10,,
1161,Smartwatch,20932,13,2024-06-07,,
1162,Smartphone,12605,7,2024-06-27,,
1163,Smartphone,10641,15,2024-07-02,,
1164,Monitor,22373,3,2024-07-10,,
1165,Bluetooth Speaker,23377,5,2024-06-16,,
1166,Tablet,17737,14,2024-06-01,,
1167,Camera,15199,18,2024-06-09,,
1168,Headphones,27294,14,2024-07-27,,
1169,Smartwatch,8561,8,2024-07-05,,
1170,Smartwatch,27818,20,2024-07-21,,
1171,Gaming Console,9856,3,2024-07-30,,
1172,Monitor,27133,1,2024-06-17,,
1173,Smartphone,24374,19,2024-07-02,,
1174,Bluetooth Speaker,26785,17,2024-06-02,,
1175,Bluetooth Speaker,7544,13,2024-06-05,,
1176,Headphones,29398,16,2024-07-20,,
1177,Gaming Console,28429,8,2024-08-01,,
1178,Laptop,24274,8,2024-07-13,,
1179,Bluetooth Speaker,26347,7,2024-06-06,,
1180,Camera,7063,5,2024-08-01,,
1181,Laptop,5118,11,2024-07-19,,
1182,Gaming Console,23661,17,2024-07-05,,
1183,Gaming Console,29662,20,2024-06-23,,
1184,Keyboard,11938,17,2024-06-15,,
1185,Tablet,10179,16,2024-07-26,,
1186,Gaming Console,5502,10,2024-07-30,,
1187,Smartwatch,29502,3,2024-07-13,,
1188,Gaming Console,13564,19,2024-07-23,,
1189,Camera,26296,1,2024-07-31,,
1190,Gaming Console,5087,7,2024-06-01,,
1191,Keyboard,14469,14,2024-07-30,,
1192,Keyboard,17796,17,2024-07-11,,
1193,Bluetooth Speaker,26013,10,2024-06-10,,
1194,Laptop,10243,8,2024-06-14,,
1195,Tablet,24387,1,2024-06-03,,
1196,Camera,22668,16,2024-07-19,,
1197,Smartwatch,16155,17,2024-07-23,,
1198,Smartwatch,29920,7,2024-07-14,,
1199,Keyboard,29680,1,2024-07-06,,
1200,Gaming Console,21853,2,2024-06-09,,
1201,Headphones,26223,7,2024-07-14,,
1202,Smartphone,28069,16,2024-07-01,,
1203,Laptop,15480,18,2024-06-13,,
1204,Smartphone,5184,6,2024-07-25,,
1205,Keyboard,25015,14,2024-07-09,,
1206,Smartwatch,20688,5,2024-07-29,,
1207,Monitor,13815,7,2024-06-17,,
1208,Tablet,5532,10,2024-07-06,,
1209,Keyboard,24815,17,2024-06-27,,
1210,Headphones,18457,16,2024-07-03,,
1211,Bluetooth Speaker,7035,15,2024-06-13,,
1212,Tablet,17799,15,2024-07-09,,
1213,Headphones,25803,18,2024-06-11,,
1214,Bluetooth Speaker,9331,18,2024-06-21,,
1215,Keyboard,8560,14,2024-06-04,,
1216,Gaming Console,25695,19,2024-07-09,,
1217,Monitor,20306,12,2024-06-22,,
1218,Monitor,12803,12,2024-07-18,,
1219,Tablet,29552,14,2024-06-13,,
1220,Camera,6728,19,2024-06-12,,
1221,Bluetooth Speaker,11999,19,2024-06-01,,
1222,Gaming Console,23966,13,2024-06-11,,
1223,Keyboard,23106,8,2024-06-10,,
1224,Smartwatch,19811,15,2024-08-01,,
1225,Laptop,20083,3,2024-07-06,,
1226,Gaming Console,26244,19,2024-06-30,,
1227,Bluetooth Speaker,26153,8,2024-06-28,,
1228,Headphones,7991,7,2024-07-25,,
1229,Tablet,23251,17,2024-06-10,,
1230,Tablet,15861,13,2024-06-03,,
1231,Bluetooth Speaker,21710,20,2024-07-09,,
1232,Smartwatch,23876,2,2024-06-24,,
1233,Tablet,11798,13,2024-07-31,,
1234,Tablet,9963,2,2024-06-02,,
1235,Smartphone,28150,12,2024-06-08,,
1236,Bluetooth Speaker,14929,16,2024-06-01,,
1237,Keyboard,16965,4,2024-07-09,,
1238,Monitor,12471,1,2024-07-08,,
1239,Bluetooth Speaker,26020,18,2024-07-18,,
1240,Smartwatch,25087,12,2024-06-30,,
1241,Camera,27251,13,2024-06-20,,
1242,Bluetooth Speaker,28488,2,2024-07-01,,
1243,Bluetooth Speaker,27746,7,2024-07-16,,
1244,Bluetooth Speaker,16955,6,2024-06-25,,
1245,Monitor,18142,5,2024-06-22,,
1246,Smartwatch,26242,20,2024-06-01,,
1247,Camera,25955,14,2024-07-04,,
1248,Gaming Console,9866,17,2024-06-15,,
1249,Laptop,23518,10,2024-07-03,,
1250,Headphones,10172,13,2024-07-24,,
1251,Tablet,10133,2,2024-07-19,,
1252,Gaming Console,28782,19,2024-06-17,,
1253,Camera,8047,14,2024-07-14,,
1254,Bluetooth Speaker,9569,4,2024-07-26,,
1255,Tablet,15455,9,2024-07-12,,
1256,Smartwatch,7926,13,2024-07-22,,
1257,Tablet,27436,10,2024-06-26,,
1258,Laptop,6590,15,2024-06-26,,
1259,Laptop,16303,19,2024-06-13,,
1260,Smartwatch,26676,4,2024-07-30,,
1261,Camera,24599,3,2024-06-24,,
1262,Keyboard,29008,3,2024-06-09,,
1263,Tablet,10194,6,2024-07-26,,
1264,Keyboard,18726,13,2024-07-03,,
1265,Monitor,10065,3,2024-06-01,,
1266,Smartphone,15730,11,2024-06-06,,
1267,Laptop,12712,2,2024-07-13,,
1268,Monitor,23983,2,2024-07-11,,
1269,Gaming Console,18647,18,2024-06-17,,
1270,Camera,20328,4,2024-07-31,,
1271,Monitor,18015,2,2024-07-02,,
1272,Tablet,17395,18,2024-07-02,,
1273,Camera,25523,17,2024-07-26,,
1274,Monitor,21037,20,2024-06-18,,
1275,Gaming Console,20934,5,2024-06-26,,
1276,Bluetooth Speaker,17543,19,2024-07-19,,
1277,Camera,11828,18,2024-06-04,,
1278,Camera,27529,7,2024-06-29,,
1279,Smartwatch,22401,7,2024-07-23,,
1280,Gaming Console,17246,2,2024-07-13,,
1281,Headphones,18788,15,2024-07-16,,
1282,Laptop,25137,3,2024-07-01,,
1283,Keyboard,24018,18,2024-06-30,,
1284,Bluetooth Speaker,14872,3,2024-06-18,,
1285,Monitor,29449,1,2024-07-30,,
1286,Tablet,16364,8,2024-07-07,,
1287,Gaming Console,21958,14,2024-07-17,,
1288,Gaming Console,9706,15,2024-07-13,,
1289,Smartwatch,14663,9,2024-07-03,,
1290,Bluetooth Speaker,29819,6,2024-06-13,,
1291,Monitor,16730,20,2024-06-13,,
1292,Monitor,15678,17,2024-06-02,,
1293,Monitor,10623,1,2024-06-16,,
1294,Keyboard,14053,6,2024-06-19,,
1295,Headphones,26527,19,2024-06-30,,
1296,Bluetooth Speaker,11804,5,2024-06-16,,
1297,Bluetooth Speaker,10757,5,2024-06-23,,
1298,Tablet,29558,4,2024-06-05,,
1299,Camera,10814,2,2024-06-06,,
1300,Monitor,25072,20,2024-06-03,,
1301,Laptop,17969,13,2024-07-30,,
1302,Smartwatch,28045,4,2024-07-22,,
1303,Camera,29575,16,2024-07-05,,
1304,Smartphone,9767,19,2024-07-27,,
1305,Keyboard,23818,15,2024-06-11,,
1306,Gaming Console,20944,4,2024-07-28,,
1307,Tablet,18815,14,2024-06-09,,
1308,Monitor,26866,17,2024-07-26,,
1309,Laptop,9538,6,2024-07-11,,
1310,Laptop,15275,16,2024-07-13,,
1311,Laptop,6423,5,2024-07-22,,
1312,Headphones,26066,6,2024-07-26,,
1313,Laptop,14262,2,2024-06-28,,
1314,Monitor,17684,10,2024-07-17,,
1315,Tablet,9932,2,2024-06-17,,
1316,Gaming Console,6326,10,2024-07-07,,
1317,Laptop,22292,13,2024-07-25,,
1318,Laptop,23663,2,2024-07-16,,
1319,Smartphone,7161,15,2024-06-11,,
1320,Tablet,22142,4,2024-06-29,,
1321,Bluetooth Speaker,29954,17,2024-07-07,,
1322,Bluetooth Speaker,22761,14,2024-07-28,,
1323,Smartwatch,8566,10,2024-06-02,,
1324,Camera,6671,19,2024-07-23,,
1325,Gaming Console,20958,8,2024-07-11,,
1326,Smartwatch,17319,10,2024-06-28,,
1327,Gaming Console,25492,5,2024-06-02,,
1328,Bluetooth Speaker,12492,7,2024-07-20,,
1329,Gaming Console,19868,12,2024-06-08,,
1330,Laptop,29357,11,2024-07-16,,
1331,Keyboard,23582,1,2024-06-11,,
1332,Camera,7223,3,2024-06-19,,
1333,Monitor,9102,10,2024-06-27,,
1334,Smartphone,8342,16,2024-06-24,,
1335,Gaming Console,12211,1,2024-06-17,,
1336,Laptop,21905,2,2024-06-07,,
1337,Smartwatch,21998,15,2024-06-10,,
1338,Camera,11472,16,2024-07-06,,
1339,Bluetooth Speaker,7083,6,2024-07-06,,
1340,Smartwatch,6822,17,2024-06-30,,
1341,Bluetooth Speaker,15547,18,2024-06-28,,
1342,Smartphone,27603,11,2024-07-20,,
1343,Smartphone,26300,14,2024-07-27,,
1344,Laptop,29978,4,2024-06-09,,
1345,Camera,7441,1,2024-06-17,,
1346,Headphones,18543,5,2024-06-24,,
1347,Headphones,7309,4,2024-07-26,,
1348,Gaming Console,10239,7,2024-06-03,,
1349,Keyboard,14183,20,2024-07-07,,
1350,Monitor,7660,20,2024-07-03,,
1351,Tablet,19348,2,2024-06-11,,
1352,Laptop,8709,1,2024-06-10,,
1353,Camera,23568,17,2024-07-05,,
1354,Monitor,14340,13,2024-07-08,,
1355,Monitor,14981,2,2024-06-25,,
1356,Keyboard,6737,1,2024-07-24,,
1357,Bluetooth Speaker,11497,4,2024-07-16,,
1358,Smartphone,20923,17,2024-07-20,,
1359,Gaming Console,14129,16,2024-06-13,,
1360,Gaming Console,7164,7,2024-07-13,,
1361,Laptop,14140,19,2024-07-24,,
1362,Tablet,26758,8,2024-06-22,,
1363,Bluetooth Speaker,14006,8,2024-07-31,,
1364,Tablet,17431,10,2024-07-10,,
1365,Gaming Console,29803,14,2024-06-17,,
1366,Tablet,5281,11,2024-06-03,,
1367,Smartphone,8628,9,2024-07-24,,
1368,Monitor,13898,9,2024-07-20,,
1369,Keyboard,24194,8,2024-06-12,,
1370,Bluetooth Speaker,20587,6,2024-07-28,,
1371,Camera,29432,2,2024-06-11,,
1372,Laptop,18711,10,2024-06-17,,
1373,Gaming Console,23648,11,2024-07-18,,
1374,Smartwatch,16857,1,2024-06-08,,
1375,Smartwatch,19162,6,2024-07-22,,
1376,Camera,16358,19,2024-07-15,,
1377,Bluetooth Speaker,15761,9,2024-06-27,,
1378,Bluetooth Speaker,22679,18,2024-07-17,,
1379,Laptop,5566,5,2024-07-07,,
1380,Gaming Console,24678,16,2024-06-22,,
1381,Bluetooth Speaker,8951,15,2024-06-30,,
1382,Laptop,24542,10,2024-07-03,,
1383,Smartwatch,28893,7,2024-06-14,,
1384,Keyboard,10020,16,2024-06-29,,
1385,Gaming Console,7404,9,2024-07-15,,
1386,Keyboard,14854,9,2024-07-17,,
1387,Headphones,29132,9,2024-06-19,,
1388,Headphones,20212,2,2024-07-14,,
1389,Keyboard,17664,19,2024-06-22,,
1390,Monitor,28375,4,2024-07-31,,
1391,Monitor,24376,10,2024-06-16,,
1392,Smartwatch,19234,19,2024-06-08,,
1393,Gaming Console,17370,19,2024-06-20,,
1394,Laptop,19937,20,2024-07-23,,
1395,Gaming Console,11329,8,2024-07-23,,
1396,Laptop,5569,5,2024-07-26,,
1397,Smartwatch,21792,18,2024-06-13,,
1398,Laptop,12358,6,2024-07-14,,
1399,Gaming Console,6768,5,2024-06-22,,
1400,Camera,21530,7,2024-06-14,,
1401,Smartphone,18592,11,2024-08-01,,
1402,Bluetooth Speaker,29772,3,2024-07-22,,
1403,Camera,27799,5,2024-07-24,,
1404,Keyboard,11778,3,2024-06-28,,
1405,Smartwatch,7264,18,2024-06-23,,
1406,Gaming Console,18902,17,2024-06-07,,
1407,Monitor,20710,14,2024-06-01,,
1408,Keyboard,18916,5,2024-07-30,,
1409,Gaming Console,24130,5,2024-07-30,,
1410,Headphones,23793,16,2024-06-02,,
1411,Camera,20791,19,2024-06-19,,
1412,Monitor,27253,14,2024-07-18,,
1413,Laptop,12824,2,2024-06-28,,
1414,Headphones,21470,17,2024-07-24,,
1415,Camera,25825,4,2024-07-04,,
1416,Smartwatch,13981,10,2024-06-12,,
1417,Camera,13316,7,2024-07-15,,
1418,Headphones,26186,4,2024-06-04,,
1419,Smartwatch,8296,1,2024-06-09,,
1420,Bluetooth Speaker,13663,17,2024-07-15,,
1421,Smartphone,21913,15,2024-06-07,,
1422,Bluetooth Speaker,22306,20,2024-06-18,,
1423,Keyboard,9332,9,2024-07-28,,
1424,Camera,13661,19,2024-07-10,,
1425,Keyboard,9879,1,2024-06-11,,
1426,Camera,29100,3,2024-06-22,,
1427,Keyboard,24108,6,2024-06-25,,
1428,Smartwatch,19471,2,2024-07-31,,
1429,Monitor,13562,6,2024-07-21,,
1430,Monitor,27005,2,2024-06-13,,
1431,Laptop,20877,12,2024-06-20,,
1432,Smartwatch,28691,7,2024-06-18,,
1433,Laptop,22305,1,2024-06-25,,
1434,Tablet,15779,7,2024-06-13,,
1435,Tablet,25434,2,2024-07-18,,
1436,Smartwatch,29447,17,2024-07-03,,
1437,Camera,17260,10,2024-06-12,,
1438,Smartphone,12966,9,2024-06-07,,
1439,Monitor,13826,6,2024-06-09,,
1440,Headphones,7266,6,2024-06-09,,
1441,Gaming Console,5815,11,2024-07-17,,
1442,Bluetooth Speaker,27023,13,2024-06-15,,
1443,Tablet,27308,4,2024-07-27,,
1444,Laptop,9074,18,2024-06-21,,
1445,Headphones,13875,8,2024-07-21,,
1446,Headphones,16399,17,2024-07-30,,
1447,Tablet,19189,2,2024-06-22,,
1448,Laptop,14894,9,2024-06-11,,
1449,Laptop,13178,7,2024-06-08,,
1450,Monitor,27757,6,2024-07-11,,
1451,Headphones,24827,10,2024-06-18,,
1452,Bluetooth Speaker,13125,7,2024-07-12,,
1453,Gaming Console,18162,8,2024-06-20,,
1454,Camera,12635,10,2024-06-26,,
1455,Smartphone,9304,11,2024-06-01,,
1456,Bluetooth Speaker,22317,6,2024-07-21,,
1457,Smartwatch,18959,3,2024-06-17,,
1458,Tablet,19597,16,2024-06-15,,
1459,Keyboard,15416,1,2024-07-04,,
1460,Bluetooth Speaker,22085,5,2024-07-16,,
1461,Bluetooth Speaker,27021,3,2024-06-14,,
1462,Laptop,6997,17,2024-07-11,,
1463,Camera,8188,18,2024-07-23,,
1464,Monitor,28431,12,2024-06-11,,
1465,Monitor,6003,19,2024-06-14,,
1466,Monitor,26731,13,2024-07-22,,
1467,Monitor,18828,18,2024-06-08,,
1468,Camera,27462,12,2024-07-27,,
1469,Gaming Console,13503,1,2024-07-01,,
1470,Laptop,14918,3,2024-06-20,,
1471,Laptop,14852,10,2024-07-18,,
1472,Gaming Console,14546,1,2024-07-26,,
1473,Smartwatch,28372,16,2024-06-09,,
1474,Camera,12817,11,2024-06-08,,
1475,Camera,25699,15,2024-07-19,,
1476,Tablet,14847,13,2024-07-26,,
1477,Tablet,29652,16,2024-06-05,,
1478,Smartwatch,7026,12,2024-06-26,,
1479,Headphones,21746,13,2024-06-27,,
1480,Keyboard,24920,5,2024-07-10,,
1481,Headphones,9409,14,2024-06-19,,
1482,Smartphone,24375,16,2024-06-16,,
1483,Tablet,20442,17,2024-07-27,,
1484,Headphones,13205,18,2024-06-23,,
1485,Keyboard,8691,12,2024-07-22,,
1486,Tablet,12469,19,2024-06-29,,
1487,Monitor,28404,11,2024-06-21,,
1488,Smartwatch,11580,10,2024-06-13,,
1489,Laptop,28364,17,2024-07-27,,
1490,Smartwatch,28054,18,2024-06-22,,
1491,Tablet,5051,11,2024-07-14,,
1492,Bluetooth Speaker,16873,4,2024-07-18,,
1493,Camera,17197,1,2024-07-24,,
1494,Gaming Console,13707,20,2024-06-13,,
1495,Camera,15782,13,2024-07-23,,
1496,Keyboard,22395,20,2024-07-12,,
1497,Tablet,12667,10,2024-07-04,,
1498,Headphones,15209,20,2024-07-29,,
1499,Headphones,17728,5,2024-06-04,,
1500,Headphones,14578,4,2024-07-02,,
1501,Bluetooth Speaker,27642,20,2024-07-15,,
1502,Monitor,25856,2,2024-06-15,,
1503,Camera,23352,6,2024-06-11,,
1504,Smartwatch,18997,13,2024-06-12,,
1505,Tablet,10879,12,2024-07-10,,
1506,Camera,11376,10,2024-06-23,,
1507,Tablet,6514,18,2024-06-07,,
1508,Bluetooth Speaker,14730,10,2024-06-11,,
1509,Tablet,19237,15,2024-07-23,,
1510,Laptop,22889,2,2024-06-30,,
1511,Smartphone,22728,19,2024-06-16,,
1512,Tablet,17097,13,2024-07-30,,
1513,Monitor,10966,16,2024-06-13,,
1514,Headphones,6635,19,2024-06-05,,
1515,Gaming Console,13735,2,2024-07-19,,
1516,Bluetooth Speaker,26645,20,2024-06-22,,
1517,Bluetooth Speaker,15256,2,2024-07-28,,
1518,Monitor,23158,10,2024-07-10,,
1519,Smartphone,21983,15,2024-06-11,,
1520,Camera,19147,5,2024-06-07,,
1521,Camera,15803,18,2024-07-02,,
1522,Tablet,6394,16,2024-06-05,,
1523,Camera,15345,4,2024-07-28,,
1524,Keyboard,25150,18,2024-06-10,,
1525,Gaming Console,6855,9,2024-07-07,,
1526,Smartwatch,25904,9,2024-06-26,,
1527,Keyboard,29607,15,2024-07-06,,
1528,Gaming Console,15569,9,2024-06-11,,
1529,Camera,6853,4,2024-06-12,,
1530,Tablet,20755,9,2024-06-27,,
1531,Smartphone,12360,2,2024-07-31,,
1532,Smartphone,29777,4,2024-06-13,,
1533,Smartphone,16820,6,2024-06-05,,
1534,Keyboard,21709,9,2024-06-01,,
1535,Monitor,26355,18,2024-06-03,,
1536,Laptop,8946,15,2024-06-15,,
1537,Gaming Console,5178,19,2024-06-14,,
1538,Camera,26557,19,2024-06-29,,
1539,Tablet,10385,16,2024-06-01,,
1540,Smartphone,16666,2,2024-07-09,,
1541,Laptop,14742,5,2024-07-16,,
1542,Gaming Console,8973,14,2024-07-09,,
1543,Bluetooth Speaker,29903,17,2024-06-16,,
1544,Camera,15590,9,2024-06-08,,
1545,Tablet,27744,12,2024-06-30,,
1546,Smartphone,18084,7,2024-07-24,,
1547,Gaming Console,5050,4,2024-06-24,,
1548,Headphones,8611,2,2024-06-13,,
1549,Tablet,9548,20,2024-06-06,,
1550,Smartwatch,6219,9,2024-07-21,,
1551,Laptop,9338,2,2024-06-06,,
1552,Camera,13103,6,2024-07-19,,
1553,Smartwatch,10176,19,2024-06-28,,
1554,Bluetooth Speaker,28615,6,2024-06-03,,
1555,Smartphone,9884,15,2024-07-05,,
1556,Keyboard,11498,3,2024-07-29,,
1557,Monitor,17892,16,2024-07-14,,
1558,Smartwatch,13645,11,2024-06-07,,
1559,Monitor,21814,20,2024-06-08,,
1560,Keyboard,17300,13,2024-07-30,,
1561,Keyboard,23962,13,2024-07-23,,
1562,Laptop,5416,19,2024-07-01,,
1563,Camera,7501,16,2024-06-19,,
1564,Tablet,9713,4,2024-06-14,,
1565,Gaming Console,26567,20,2024-06-16,,
1566,Smartphone,18601,15,2024-07-05,,
1567,Bluetooth Speaker,9004,8,2024-07-12,,
1568,Bluetooth Speaker,27579,3,2024-06-01,,
1569,Laptop,9183,11,2024-06-27,,
1570,Bluetooth Speaker,20927,15,2024-06-07,,
1571,Monitor,29654,20,2024-06-26,,
1572,Camera,9176,9,2024-07-26,,
1573,Gaming Console,17231,10,2024-06-06,,
1574,Keyboard,28134,2,2024-07-04,,
1575,Gaming Console,29485,3,2024-06-30,,
1576,Bluetooth Speaker,21564,5,2024-06-12,,
1577,Monitor,17237,2,2024-07-11,,
1578,Bluetooth Speaker,18800,20,2024-07-14,,
1579,Laptop,24237,1,2024-07-22,,
1580,Gaming Console,16162,17,2024-06-07,,
1581,Headphones,8349,7,2024-07-27,,
1582,Bluetooth Speaker,14705,1,2024-06-10,,
1583,Camera,14139,8,2024-07-17,,
1584,Camera,13633,11,2024-07-26,,
1585,Smartphone,18375,3,2024-07-10,,
1586,Camera,28306,11,2024-06-15,,
1587,Camera,9864,6,2024-06-22,,
1588,Monitor,8374,17,2024-07-23,,
1589,Smartwatch,11366,5,2024-06-27,,
1590,Camera,24222,3,2024-06-01,,
1591,Headphones,12094,10,2024-06-17,,
1592,Headphones,23923,16,2024-06-03,,
1593,Headphones,8918,1,2024-06-26,,
1594,Bluetooth Speaker,11124,3,2024-07-03,,
1595,Camera,22730,13,2024-06-22,,
1596,Gaming Console,22816,10,2024-08-01,,
1597,Monitor,26481,8,2024-07-03,,
1598,Smartphone,24520,16,2024-06-01,,
1599,Keyboard,27337,17,2024-07-02,,
1600,Gaming Console,9717,17,2024-06-15,,
1601,Gaming Console,12415,18,2024-07-05,,
1602,Camera,26261,20,2024-06-29,,
1603,Tablet,29318,4,2024-06-30,,
1604,Gaming Console,10196,9,2024-06-16,,
1605,Bluetooth Speaker,9874,2,2024-07-26,,
1606,Tablet,11165,3,2024-06-28,,
1607,Smartphone,16559,3,2024-07-11,,
1608,Bluetooth Speaker,19240,19,2024-06-11,,
1609,Monitor,24871,1,2024-06-17,,
1610,Gaming Console,28194,5,2024-06-15,,
1611,Laptop,17604,9,2024-06-27,,
1612,Smartwatch,16322,11,2024-07-28,,
1613,Monitor,8370,18,2024-06-12,,
1614,Monitor,17319,5,2024-07-28,,
1615,Gaming Console,19006,10,2024-06-09,,
1616,Keyboard,21708,12,2024-07-17,,
1617,Smartphone,18949,7,2024-06-22,,
1618,Smartwatch,27204,8,2024-06-26,,
1619,Laptop,11640,9,2024-07-12,,
1620,Camera,11627,2,2024-06-17,,
1621,Monitor,10363,19,2024-06-25,,
1622,Tablet,24608,13,2024-07-04,,
1623,Gaming Console,9059,15,2024-06-28,,
1624,Tablet,22106,20,2024-07-28,,
1625,Smartphone,19720,8,2024-06-01,,
1626,Camera,10979,20,2024-06-11,,
1627,Bluetooth Speaker,16331,16,2024-07-11,,
1628,Smartphone,25591,3,2024-06-26,,
1629,Headphones,25512,20,2024-07-22,,
1630,Gaming Console,12842,14,2024-07-30,,
1631,Headphones,26229,14,2024-06-18,,
1632,Smartwatch,12974,20,2024-07-09,,
1633,Tablet,23959,19,2024-07-21,,
1634,Laptop,8862,5,2024-07-08,,
1635,Gaming Console,26556,1,2024-07-27,,
1636,Laptop,24780,16,2024-06-13,,
1637,Keyboard,7680,10,2024-06-17,,
1638,Headphones,15596,3,2024-06-01,,
1639,Keyboard,26435,7,2024-06-08,,
1640,Gaming Console,10528,2,2024-07-11,,
1641,Monitor,6322,15,2024-06-07,,
1642,Smartphone,11161,20,2024-07-24,,
1643,Bluetooth Speaker,6787,9,2024-06-16,,
1644,Camera,16681,3,2024-06-22,,
1645,Monitor,8728,15,2024-06-21,,
1646,Tablet,27403,8,2024-07-07,,
1647,Smartphone,15037,9,2024-07-02,,
1648,Camera,18888,11,2024-06-09,,
1649,Gaming Console,22472,18,2024-06-29,,
1650,Headphones,22790,9,2024-07-30,,
1651,Monitor,11564,4,2024-07-28,,
1652,Keyboard,12901,9,2024-06-08,,
1653,Monitor,17475,11,2024-07-03,,
1654,Tablet,12937,3,2024-07-10,,
1655,Laptop,12614,10,2024-06-11,,
1656,Gaming Console,21314,5,2024-06-17,,
1657,Camera,5601,20,2024-07-31,,
1658,Monitor,26911,8,2024-06-26,,
1659,Smartwatch,29728,10,2024-06-02,,
1660,Smartphone,23394,1,2024-06-12,,
1661,Monitor,8643,3,2024-06-07,,
1662,Smartwatch,18699,20,2024-07-01,,
1663,Monitor,9483,16,2024-07-02,,
1664,Headphones,7722,11,2024-06-12,,
1665,Camera,22138,14,2024-06-13,,
1666,Bluetooth Speaker,5458,10,2024-06-05,,
1667,Laptop,10182,11,2024-06-01,,
1668,Keyboard,23595,6,2024-07-18,,
1669,Camera,6415,11,2024-06-06,,
1670,Headphones,23930,2,2024-06-13,,
1671,Smartphone,20784,8,2024-07-21,,
1672,Gaming Console,13255,7,2024-07-15,,
1673,Headphones,25457,3,2024-06-27,,
1674,Headphones,27583,15,2024-07-30,,
1675,Monitor,14864,9,2024-07-04,,
1676,Gaming Console,12795,3,2024-06-28,,
1677,Smartphone,9112,4,2024-06-04,,
1678,Laptop,23916,15,2024-07-26,,
1679,Headphones,21735,7,2024-07-24,,
1680,Bluetooth Speaker,22066,6,2024-07-06,,
1681,Camera,9214,15,2024-07-29,,
1682,Bluetooth Speaker,27036,2,2024-06-17,,
1683,Smartwatch,5459,10,2024-07-24,,
1684,Smartwatch,18180,3,2024-07-06,,
1685,Smartwatch,5245,7,2024-07-20,,
1686,Tablet,18469,5,2024-07-24,,
1687,Keyboard,17216,17,2024-06-14,,
1688,Laptop,10758,2,2024-07-05,,
1689,Camera,27392,14,2024-06-20,,
1690,Tablet,7861,17,2024-06-24,,
1691,Bluetooth Speaker,23037,11,2024-07-21,,
1692,Monitor,28175,12,2024-07-09,,
1693,Gaming Console,16407,1,2024-07-14,,
1694,Smartphone,11829,16,2024-06-26,,
1695,Tablet,25541,8,2024-07-11,,
1696,Smartwatch,29537,10,2024-07-01,,
1697,Smartwatch,8362,10,2024-07-21,,
1698,Tablet,16405,13,2024-07-28,,
1699,Laptop,15235,7,2024-06-05,,
1700,Tablet,27942,11,2024-08-01,,
1701,Monitor,5508,8,2024-06-01,,
1702,Smartphone,7686,20,2024-07-12,,
1703,Smartwatch,18677,4,2024-06-17,,
1704,Camera,22697,19,2024-07-15,,
1705,Headphones,27108,18,2024-06-14,,
1706,Smartwatch,27420,13,2024-06-06,,
1707,Camera,5143,20,2024-06-13,,
1708,Laptop,10245,17,2024-06-02,,
1709,Camera,13875,11,2024-06-28,,
1710,Laptop,9705,13,2024-06-06,,
1711,Tablet,14895,4,2024-06-15,,
1712,Tablet,20875,13,2024-07-05,,
1713,Gaming Console,8366,6,2024-07-10,,
1714,Headphones,19247,4,2024-07-25,,
1715,Camera,22165,7,2024-07-14,,
1716,Tablet,19617,12,2024-06-15,,
1717,Smartwatch,9085,19,2024-07-29,,
1718,Gaming Console,25262,19,2024-08-01,,
1719,Bluetooth Speaker,8244,1,2024-07-30,,
1720,Smartwatch,10676,16,2024-07-12,,
1721,Smartphone,10790,17,2024-06-08,,
1722,Bluetooth Speaker,19689,13,2024-07-10,,
1723,Keyboard,23990,11,2024-07-12,,
1724,Headphones,8184,17,2024-06-28,,
1725,Smartphone,16669,4,2024-06-03,,
1726,Keyboard,15377,9,2024-06-04,,
1727,Keyboard,15405,5,2024-07-20,,
1728,Keyboard,21565,19,2024-07-21,,
1729,Smartphone,17465,13,2024-07-03,,
1730,Tablet,11358,5,2024-07-07,,
1731,Camera,19307,7,2024-07-11,,
1732,Headphones,14789,20,2024-07-30,,
1733,Laptop,25920,18,2024-07-11,,
1734,Gaming Console,10634,6,2024-06-09,,
1735,Keyboard,24444,20,2024-07-20,,
1736,Gaming Console,15643,17,2024-06-27,,
1737,Laptop,18325,15,2024-07-09,,
1738,Headphones,9854,11,2024-06-25,,
1739,Laptop,21131,18,2024-06-05,,
1740,Monitor,28814,6,2024-07-07,,
1741,Smartwatch,28055,19,2024-06-15,,
1742,Headphones,22982,10,2024-07-17,,
1743,Smartphone,15201,5,2024-08-01,,
1744,Camera,20193,1,2024-07-02,,
1745,Tablet,15248,8,2024-06-20,,
1746,Keyboard,29632,11,2024-06-27,,
1747,Gaming Console,21469,15,2024-06-09,,
1748,Tablet,7110,6,2024-06-03,,
1749,Bluetooth Speaker,8332,13,2024-06-19,,
1750,Smartphone,24111,12,2024-07-13,,
1751,Bluetooth Speaker,24457,20,2024-06-15,,
1752,Monitor,9271,6,2024-07-14,,
1753,Camera,12722,7,2024-06-23,,
1754,Camera,14112,20,2024-06-22,,
1755,Smartwatch,17173,3,2024-07-01,,
1756,Gaming Console,15526,2,2024-07-29,,
1757,Headphones,22189,9,2024-07-07,,
1758,Smartwatch,14622,4,2024-07-16,,
1759,Laptop,12677,2,2024-06-04,,
1760,Headphones,23201,10,2024-07-21,,
1761,Gaming Console,20188,7,2024-06-04,,
1762,Bluetooth Speaker,25933,19,2024-06-28,,
1763,Bluetooth Speaker,22582,10,2024-06-09,,
1764,Monitor,19545,2,2024-06-12,,
1765,Monitor,17158,7,2024-06-01,,
1766,Laptop,15662,4,2024-07-30,,
1767,Smartwatch,5349,10,2024-06-16,,
1768,Laptop,19495,14,2024-06-17,,
1769,Gaming Console,14838,13,2024-06-16,,
1770,Headphones,26822,3,2024-07-20,,
1771,Headphones,12504,4,2024-06-23,,
1772,Monitor,9024,19,2024-06-24,,
1773,Keyboard,27819,20,2024-06-19,,
1774,Laptop,25302,12,2024-06-02,,
1775,Keyboard,19924,3,2024-06-27,,
1776,Smartwatch,27484,4,2024-07-27,,
1777,Tablet,5962,6,2024-06-23,,
1778,Smartwatch,26165,3,2024-06-03,,
1779,Laptop,7964,6,2024-06-25,,
1780,Headphones,26457,7,2024-06-17,,
1781,Tablet,15051,12,2024-07-29,,
1782,Smartphone,14327,14,2024-06-13,,
1783,Bluetooth Speaker,27799,17,2024-07-10,,
1784,Gaming Console,11825,5,2024-06-23,,
1785,Smartphone,26289,3,2024-06-06,,
1786,Monitor,22527,18,2024-07-23,,
1787,Laptop,15635,11,2024-06-25,,
1788,Camera,12498,16,2024-07-18,,
1789,Tablet,7444,5,2024-07-15,,
1790,Keyboard,7448,10,2024-06-20,,
1791,Keyboard,26554,16,2024-07-26,,
1792,Keyboard,16524,3,2024-06-02,,
1793,Keyboard,11398,12,2024-07-29,,
1794,Keyboard,20662,14,2024-06-22,,
1795,Smartwatch,16237,19,2024-06-13,,
1796,Gaming Console,15972,13,2024-07-19,,
1797,Smartphone,10575,17,2024-07-21,,
1798,Headphones,11685,12,2024-06-09,,
1799,Headphones,22837,15,2024-06-16,,
1800,Bluetooth Speaker,22346,11,2024-07-13,,
1801,Camera,14870,3,2024-06-23,,
1802,Keyboard,12062,8,2024-06-10,,
1803,Gaming Console,27784,7,2024-06-21,,
1804,Smartphone,7198,4,2024-07-25,,
1805,Tablet,29159,18,2024-06-04,,
1806,Headphones,12268,15,2024-07-31,,
1807,Camera,29537,4,2024-06-19,,
1808,Keyboard,11576,15,2024-06-21,,
1809,Camera,14068,3,2024-07-02,,
1810,Smartphone,16069,2,2024-07-28,,
1811,Laptop,9991,12,2024-06-07,,
1812,Camera,11370,16,2024-07-20,,
1813,Gaming Console,13504,12,2024-06-29,,
1814,Gaming Console,23188,1,2024-06-11,,
1815,Headphones,7982,5,2024-07-12,,
1816,Keyboard,19102,1,2024-07-27,,
1817,Gaming Console,7322,17,2024-06-28,,
1818,Smartwatch,20582,8,2024-06-14,,
1819,Tablet,17668,16,2024-07-27,,
1820,Smartwatch,23446,12,2024-07-06,,
1821,Keyboard,8522,12,2024-06-30,,
1822,Camera,5697,1,2024-07-07,,
1823,Headphones,6061,11,2024-06-27,,
1824,Laptop,25385,11,2024-06-29,,
1825,Smartphone,24923,10,2024-07-19,,
1826,Smartphone,5798,14,2024-07-28,,
1827,Smartphone,6151,12,2024-07-07,,
1828,Smartphone,27506,14,2024-06-30,,
1829,Bluetooth Speaker,25021,15,2024-07-15,,
1830,Bluetooth Speaker,24038,13,2024-07-29,,
1831,Monitor,18317,19,2024-06-10,,
1832,Laptop,22210,10,2024-06-05,,
1833,Gaming Console,19874,4,2024-07-28,,
1834,Camera,29215,2,2024-06-27,,
1835,Smartwatch,7191,14,2024-07-02,,
1836,Smartwatch,6198,15,2024-07-24,,
1837,Smartphone,14542,6,2024-06-16,,
1838,Camera,16575,19,2024-07-19,,
1839,Bluetooth Speaker,6467,9,2024-06-11,,
1840,Gaming Console,13146,7,2024-06-28,,
1841,Gaming Console,8783,11,2024-07-21,,
1842,Tablet,28126,11,2024-07-18,,
1843,Smartphone,11670,16,2024-07-18,,
1844,Monitor,21830,19,2024-06-01,,
1845,Bluetooth Speaker,17952,3,2024-07-18,,
1846,Smartwatch,11389,8,2024-06-29,,
1847,Monitor,9717,17,2024-07-16,,
1848,Headphones,9575,13,2024-07-12,,
1849,Smartphone,24111,10,2024-07-12,,
1850,Gaming Console,7488,9,2024-07-03,,
1851,Tablet,24564,20,2024-07-13,,
1852,Laptop,8709,14,2024-06-22,,
1853,Smartphone,7555,8,2024-07-31,,
1854,Tablet,27100,17,2024-06-21,,
1855,Headphones,6438,4,2024-06-17,,
1856,Laptop,12285,14,2024-07-07,,
1857,Headphones,21784,4,2024-07-03,,
1858,Laptop,16118,7,2024-06-28,,
1859,Keyboard,19307,17,2024-06-29,,
1860,Smartwatch,28391,11,2024-06-16,,
1861,Laptop,8867,8,2024-07-17,,
1862,Smartphone,18903,2,2024-07-13,,
1863,Tablet,17939,4,2024-06-06,,
1864,Camera,19157,6,2024-07-22,,
1865,Smartphone,8774,4,2024-07-31,,
1866,Laptop,11049,13,2024-07-01,,
1867,Smartphone,8668,2,2024-08-01,,
1868,Tablet,9120,14,2024-06-08,,
1869,Gaming Console,25541,9,2024-06-05,,
1870,Tablet,22888,20,2024-06-26,,
1871,Camera,10109,5,2024-07-23,,
1872,Camera,29719,1,2024-06-22,,
1873,Monitor,11412,16,2024-07-14,,
1874,Tablet,29208,7,2024-07-02,,
1875,Gaming Console,8644,4,2024-07-23,,
1876,Headphones,10380,3,2024-07-11,,
1877,Laptop,19747,12,2024-07-26,,
1878,Gaming Console,21419,17,2024-06-03,,
1879,Monitor,6784,7,2024-06-04,,
1880,Headphones,21273,17,2024-07-23,,
1881,Camera,22560,2,2024-07-31,,
1882,Laptop,27241,8,2024-07-11,,
1883,Laptop,13367,15,2024-07-06,,
1884,Smartphone,25215,16,2024-06-06,,
1885,Keyboard,16770,15,2024-07-28,,
1886,Keyboard,18104,16,2024-06-10,,
1887,Headphones,13568,20,2024-07-26,,
1888,Smartwatch,25521,10,2024-07-01,,
1889,Smartphone,16590,11,2024-07-08,,
1890,Monitor,12798,7,2024-07-22,,
1891,Camera,28367,14,2024-07-18,,
1892,Laptop,25946,14,2024-07-02,,
1893,Gaming Console,16035,6,2024-07-10,,
1894,Bluetooth Speaker,17450,8,2024-07-08,,
1895,Gaming Console,18159,4,2024-07-17,,
1896,Tablet,20412,4,2024-07-08,,
1897,Camera,11517,4,2024-06-28,,
1898,Headphones,12276,2,2024-07-11,,
1899,Tablet,10411,4,2024-06-02,,
1900,Smartphone,26996,13,2024-07-09,,
1901,Bluetooth Speaker,24124,13,2024-07-16,,
1902,Smartphone,26746,5,2024-07-06,,
1903,Bluetooth Speaker,18584,9,2024-07-18,,
1904,Keyboard,21859,2,2024-08-01,,
1905,Camera,14024,1,2024-06-30,,
1906,Keyboard,23097,5,2024-08-01,,
1907,Monitor,25129,6,2024-06-11,,
1908,Monitor,20140,19,2024-07-07,,
1909,Bluetooth Speaker,22854,12,2024-07-14,,
1910,Headphones,28979,15,2024-07-10,,
1911,Tablet,16641,4,2024-07-07,,
1912,Laptop,22051,2,2024-06-25,,
1913,Tablet,22264,14,2024-06-26,,
1914,Bluetooth Speaker,5405,3,2024-06-26,,
1915,Laptop,22915,18,2024-07-29,,
1916,Tablet,28156,19,2024-08-01,,
1917,Bluetooth Speaker,12227,2,2024-07-23,,
1918,Keyboard,26081,3,2024-07-20,,
1919,Keyboard,15281,2,2024-07-09,,
1920,Tablet,17039,11,2024-06-05,,
1921,Monitor,15448,9,2024-07-28,,
1922,Monitor,20105,10,2024-07-04,,
1923,Smartphone,11091,9,2024-06-06,,
1924,Tablet,9683,2,2024-06-13,,
1925,Camera,16209,3,2024-06-11,,
1926,Smartphone,6488,5,2024-06-17,,
1927,Headphones,9190,14,2024-06-20,,
1928,Gaming Console,21908,10,2024-07-08,,
1929,Tablet,6445,16,2024-06-13,,
1930,Gaming Console,15631,9,2024-06-29,,
1931,Smartwatch,20179,14,2024-06-13,,
1932,Headphones,14598,17,2024-07-02,,
1933,Keyboard,10778,17,2024-06-27,,
1934,Monitor,11442,2,2024-07-26,,
1935,Bluetooth Speaker,6490,20,2024-06-11,,
1936,Tablet,25601,13,2024-06-02,,
1937,Gaming Console,13417,5,2024-07-03,,
1938,Smartwatch,29569,17,2024-07-22,,
1939,Camera,18842,16,2024-07-05,,
1940,Camera,7352,4,2024-07-20,,
1941,Tablet,21699,4,2024-07-01,,
1942,Gaming Console,26103,15,2024-06-17,,
1943,Gaming Console,27035,5,2024-06-20,,
1944,Headphones,11592,18,2024-06-06,,
1945,Tablet,6188,15,2024-07-30,,
1946,Keyboard,20866,9,2024-07-18,,
1947,Bluetooth Speaker,6239,17,2024-07-19,,
1948,Gaming Console,12266,13,2024-06-12,,
1949,Headphones,20732,1,2024-06-12,,
1950,Monitor,6250,17,2024-07-27,,
1951,Smartphone,8753,15,2024-06-09,,
1952,Laptop,25981,17,2024-06-17,,
1953,Headphones,20805,2,2024-06-25,,
1954,Monitor,14999,19,2024-07-30,,
1955,Smartwatch,11556,15,2024-06-01,,
1956,Camera,27057,6,2024-06-06,,
1957,Laptop,20712,4,2024-06-08,,
1958,Laptop,26355,5,2024-07-27,,
1959,Keyboard,10915,19,2024-07-15,,
1960,Smartphone,12297,14,2024-06-03,,
1961,Laptop,6076,20,2024-07-15,,
1962,Gaming Console,24448,9,2024-06-22,,
1963,Monitor,12860,6,2024-06-01,,
1964,Laptop,8216,9,2024-07-09,,
1965,Camera,26593,4,2024-07-23,,
1966,Keyboard,19437,4,2024-07-17,,
1967,Smartphone,15799,15,2024-06-20,,
1968,Monitor,11860,19,2024-06-21,,
1969,Gaming Console,29394,3,2024-07-05,,
1970,Keyboard,14396,1,2024-07-02,,
1971,Tablet,29078,8,2024-06-13,,
1972,Bluetooth Speaker,29120,20,2024-07-04,,
1973,Smartphone,19755,8,2024-07-30,,
1974,Smartphone,18493,12,2024-06-30,,
1975,Bluetooth Speaker,15814,5,2024-07-04,,
1976,Monitor,18378,11,2024-07-25,,
1977,Smartphone,27517,20,2024-06-15,,
1978,Bluetooth Speaker,7521,3,2024-06-20,,
1979,Gaming Console,17916,3,2024-06-23,,
1980,Gaming Console,23121,16,2024-06-02,,
1981,Smartwatch,24753,14,2024-07-10,,
1982,Gaming Console,14880,20,2024-07-22,,
1983,Headphones,28607,5,2024-07-17,,
1984,Keyboard,26351,3,2024-07-11,,
1985,Tablet,13409,10,2024-06-15,,
1986,Keyboard,12828,5,2024-07-08,,
1987,Laptop,22441,19,2024-06-30,,
1988,Gaming Console,22087,8,2024-07-27,,
1989,Keyboard,12452,20,2024-07-08,,
1990,Smartphone,19476,17,2024-07-30,,
1991,Keyboard,16591,12,2024-07-30,,
1992,Keyboard,27155,19,2024-07-12,,
1993,Smartphone,14252,12,2024-06-07,,
1994,Gaming Console,23316,7,2024-06-01,,
1995,Camera,20053,17,2024-06-22,,
1996,Camera,22143,11,2024-07-09,,
1997,Keyboard,19160,3,2024-07-04,,
1998,Monitor,5616,17,2024-07-23,,
1999,Smartwatch,11706,7,2024-07-10,,
